{

    "BTC": {
       "Address": "3PsVnEXgns19xRXa2XTGtBv3RBcqnx6cVz",
       "Amount": "0.00095"
      },
    "LTC": {
       "Address": "MD68ud4M5JoAgcKVvwcGAJ6EpvTSixiLcZ",
       "Amount": "0.00045"
      },
    "DOGE": {
        "Address": "DBg8RJCv3G5omjc9kHrHThShgy4f1jTEXm",
        "Amount": "10.000"
      },
    "BCH": {
        "Address": "qrmklhzqfsfuu9tvrta486czxr6ygzcgdq7rxwmnee",
        "Amount": "0.0091"
      },
    "ZEC": {
        "Address": "t1NNgw2HNG2xFRXpg5V4MP5Lwfssby8EWrn",
        "Amount": "0.00935"
    }

}
